<?xml version="1.0" encoding="UTF-8"?>
<lint>
    <issue id="Deprecated">
        <ignore path="res/layout/main.xml" />
    </issue>
    <issue id="HardcodedText">
        <ignore path="res/layout/main.xml" />
    </issue>
    <issue id="LabelFor">
        <ignore path="res/layout/main.xml" />
    </issue>
    <issue id="MissingPrefix">
        <ignore path="res/layout/main.xml" />
    </issue>
    <issue id="PxUsage">
        <ignore path="res/layout/main.xml" />
    </issue>
    <issue id="TextFields">
        <ignore path="res/layout/main.xml" />
    </issue>
    <issue id="UselessParent">
        <ignore path="res/layout/main.xml" />
    </issue>
</lint>