<?xml version="1.0" encoding="UTF-8"?>
<lint>
    <issue id="ContentDescription">
        <ignore path="res/layout/main.xml" />
    </issue>
    <issue id="HardcodedText">
        <ignore path="res/layout/main.xml" />
    </issue>
    <issue id="NestedScrolling">
        <ignore path="res/layout/main.xml" />
    </issue>
    <issue id="ScrollViewCount">
        <ignore path="res/layout/main.xml" />
    </issue>
    <issue id="ScrollViewSize">
        <ignore path="res/layout/main.xml" />
    </issue>
    <issue id="TextFields">
        <ignore path="res/layout/main.xml" />
    </issue>
    <issue id="UselessLeaf">
        <ignore path="res/layout/main.xml" />
    </issue>
</lint>